id,storypoint
3433,3.8851898734177217
106,3.8851898734177217
7182,3.8851898734177217
8985,3.8851898734177217
2149,3.8851898734177217
7150,3.8851898734177217
9326,3.8851898734177217
6162,3.8851898734177217
2008,3.8851898734177217
568,3.8851898734177217
5937,3.8851898734177217
3122,3.8851898734177217
5112,3.8851898734177217
3774,3.8851898734177217
6718,3.8851898734177217
4181,3.8851898734177217
3047,3.8851898734177217
2107,3.8851898734177217
3860,3.8851898734177217
5820,3.8851898734177217
5261,3.8851898734177217
6961,3.8851898734177217
6723,3.8851898734177217
416,3.8851898734177217
7358,3.8851898734177217
8138,3.8851898734177217
96,3.8851898734177217
7585,3.8851898734177217
2254,3.8851898734177217
3473,3.8851898734177217
1056,3.8851898734177217
7034,3.8851898734177217
8410,3.8851898734177217
33,3.8851898734177217
3130,3.8851898734177217
8779,3.8851898734177217
8115,3.8851898734177217
960,3.8851898734177217
5848,3.8851898734177217
2948,3.8851898734177217
5457,3.8851898734177217
6515,3.8851898734177217
7807,3.8851898734177217
6224,3.8851898734177217
6310,3.8851898734177217
1355,3.8851898734177217
3677,3.8851898734177217
487,3.8851898734177217
3945,3.8851898734177217
9828,3.8851898734177217
6104,3.8851898734177217
8460,3.8851898734177217
856,3.8851898734177217
4461,3.8851898734177217
2133,3.8851898734177217
6621,3.8851898734177217
7222,3.8851898734177217
7566,3.8851898734177217
2625,3.8851898734177217
4830,3.8851898734177217
799,3.8851898734177217
5398,3.8851898734177217
5488,3.8851898734177217
7917,3.8851898734177217
7580,3.8851898734177217
4686,3.8851898734177217
1758,3.8851898734177217
8012,3.8851898734177217
4813,3.8851898734177217
39,3.8851898734177217
7346,3.8851898734177217
1851,3.8851898734177217
3879,3.8851898734177217
6762,3.8851898734177217
8153,3.8851898734177217
9607,3.8851898734177217
251,3.8851898734177217
9403,3.8851898734177217
7530,3.8851898734177217
9803,3.8851898734177217
29,3.8851898734177217
3941,3.8851898734177217
1512,3.8851898734177217
3455,3.8851898734177217
4392,3.8851898734177217
4553,3.8851898734177217
5769,3.8851898734177217
1441,3.8851898734177217
6625,3.8851898734177217
7423,3.8851898734177217
3601,3.8851898734177217
3184,3.8851898734177217
7875,3.8851898734177217
9671,3.8851898734177217
3463,3.8851898734177217
7784,3.8851898734177217
1793,3.8851898734177217
4807,3.8851898734177217
2036,3.8851898734177217
5376,3.8851898734177217
4812,3.8851898734177217
1880,3.8851898734177217
5627,3.8851898734177217
7376,3.8851898734177217
7220,3.8851898734177217
7859,3.8851898734177217
1513,3.8851898734177217
1310,3.8851898734177217
4629,3.8851898734177217
7609,3.8851898734177217
4704,3.8851898734177217
6888,3.8851898734177217
2236,3.8851898734177217
5652,3.8851898734177217
7289,3.8851898734177217
311,3.8851898734177217
4147,3.8851898734177217
9748,3.8851898734177217
7445,3.8851898734177217
5554,3.8851898734177217
623,3.8851898734177217
2025,3.8851898734177217
1413,3.8851898734177217
1616,3.8851898734177217
7729,3.8851898734177217
6551,3.8851898734177217
2769,3.8851898734177217
8081,3.8851898734177217
5551,3.8851898734177217
6832,3.8851898734177217
80,3.8851898734177217
518,3.8851898734177217
2335,3.8851898734177217
6006,3.8851898734177217
3094,3.8851898734177217
6923,3.8851898734177217
8935,3.8851898734177217
4127,3.8851898734177217
7933,3.8851898734177217
5484,3.8851898734177217
1402,3.8851898734177217
735,3.8851898734177217
9849,3.8851898734177217
1026,3.8851898734177217
3768,3.8851898734177217
388,3.8851898734177217
794,3.8851898734177217
4342,3.8851898734177217
7539,3.8851898734177217
500,3.8851898734177217
9526,3.8851898734177217
3145,3.8851898734177217
2619,3.8851898734177217
1965,3.8851898734177217
304,3.8851898734177217
590,3.8851898734177217
7985,3.8851898734177217
4288,3.8851898734177217
6306,3.8851898734177217
2215,3.8851898734177217
8121,3.8851898734177217
3090,3.8851898734177217
8417,3.8851898734177217
5076,3.8851898734177217
9629,3.8851898734177217
6948,3.8851898734177217
5547,3.8851898734177217
8729,3.8851898734177217
4049,3.8851898734177217
510,3.8851898734177217
4961,3.8851898734177217
8542,3.8851898734177217
576,3.8851898734177217
4801,3.8851898734177217
4936,3.8851898734177217
8418,3.8851898734177217
88,3.8851898734177217
1805,3.8851898734177217
6929,3.8851898734177217
1222,3.8851898734177217
7839,3.8851898734177217
3204,3.8851898734177217
5034,3.8851898734177217
7213,3.8851898734177217
4880,3.8851898734177217
655,3.8851898734177217
7198,3.8851898734177217
3870,3.8851898734177217
6053,3.8851898734177217
9784,3.8851898734177217
4680,3.8851898734177217
107,3.8851898734177217
8742,3.8851898734177217
7275,3.8851898734177217
8381,3.8851898734177217
5697,3.8851898734177217
3045,3.8851898734177217
4534,3.8851898734177217
2273,3.8851898734177217
733,3.8851898734177217
9045,3.8851898734177217
3902,3.8851898734177217
9104,3.8851898734177217
7377,3.8851898734177217
2348,3.8851898734177217
108,3.8851898734177217
1731,3.8851898734177217
9259,3.8851898734177217
3570,3.8851898734177217
4522,3.8851898734177217
1217,3.8851898734177217
9810,3.8851898734177217
1147,3.8851898734177217
532,3.8851898734177217
3833,3.8851898734177217
1569,3.8851898734177217
5081,3.8851898734177217
1726,3.8851898734177217
2880,3.8851898734177217
8701,3.8851898734177217
6037,3.8851898734177217
4823,3.8851898734177217
3021,3.8851898734177217
9610,3.8851898734177217
7292,3.8851898734177217
5215,3.8851898734177217
2487,3.8851898734177217
1568,3.8851898734177217
7051,3.8851898734177217
1737,3.8851898734177217
637,3.8851898734177217
6622,3.8851898734177217
8596,3.8851898734177217
4421,3.8851898734177217
6547,3.8851898734177217
5053,3.8851898734177217
4965,3.8851898734177217
439,3.8851898734177217
8638,3.8851898734177217
1891,3.8851898734177217
4890,3.8851898734177217
5271,3.8851898734177217
8209,3.8851898734177217
9792,3.8851898734177217
92,3.8851898734177217
119,3.8851898734177217
6391,3.8851898734177217
7750,3.8851898734177217
1496,3.8851898734177217
6323,3.8851898734177217
1432,3.8851898734177217
5858,3.8851898734177217
9115,3.8851898734177217
4209,3.8851898734177217
1864,3.8851898734177217
8355,3.8851898734177217
8046,3.8851898734177217
4246,3.8851898734177217
1578,3.8851898734177217
9648,3.8851898734177217
7181,3.8851898734177217
7469,3.8851898734177217
5606,3.8851898734177217
4403,3.8851898734177217
7538,3.8851898734177217
6453,3.8851898734177217
9737,3.8851898734177217
6003,3.8851898734177217
1509,3.8851898734177217
6604,3.8851898734177217
7929,3.8851898734177217
543,3.8851898734177217
4575,3.8851898734177217
6101,3.8851898734177217
7640,3.8851898734177217
6715,3.8851898734177217
4982,3.8851898734177217
1330,3.8851898734177217
3605,3.8851898734177217
7077,3.8851898734177217
5213,3.8851898734177217
1470,3.8851898734177217
4505,3.8851898734177217
7481,3.8851898734177217
2753,3.8851898734177217
8030,3.8851898734177217
2592,3.8851898734177217
5910,3.8851898734177217
6758,3.8851898734177217
7914,3.8851898734177217
965,3.8851898734177217
5682,3.8851898734177217
621,3.8851898734177217
360,3.8851898734177217
5263,3.8851898734177217
5841,3.8851898734177217
8132,3.8851898734177217
1877,3.8851898734177217
4597,3.8851898734177217
8508,3.8851898734177217
6545,3.8851898734177217
764,3.8851898734177217
5458,3.8851898734177217
3653,3.8851898734177217
9430,3.8851898734177217
8269,3.8851898734177217
9075,3.8851898734177217
9660,3.8851898734177217
1608,3.8851898734177217
1261,3.8851898734177217
4248,3.8851898734177217
7649,3.8851898734177217
263,3.8851898734177217
1076,3.8851898734177217
3263,3.8851898734177217
971,3.8851898734177217
1020,3.8851898734177217
1084,3.8851898734177217
9839,3.8851898734177217
3767,3.8851898734177217
3315,3.8851898734177217
4151,3.8851898734177217
4028,3.8851898734177217
6117,3.8851898734177217
3328,3.8851898734177217
872,3.8851898734177217
6576,3.8851898734177217
4992,3.8851898734177217
8722,3.8851898734177217
7937,3.8851898734177217
8520,3.8851898734177217
1078,3.8851898734177217
9026,3.8851898734177217
6395,3.8851898734177217
5072,3.8851898734177217
4436,3.8851898734177217
2698,3.8851898734177217
8295,3.8851898734177217
5723,3.8851898734177217
7234,3.8851898734177217
3781,3.8851898734177217
3043,3.8851898734177217
7475,3.8851898734177217
6377,3.8851898734177217
3942,3.8851898734177217
4773,3.8851898734177217
303,3.8851898734177217
4631,3.8851898734177217
7798,3.8851898734177217
1662,3.8851898734177217
6575,3.8851898734177217
2692,3.8851898734177217
5340,3.8851898734177217
7899,3.8851898734177217
1623,3.8851898734177217
647,3.8851898734177217
9822,3.8851898734177217
346,3.8851898734177217
6699,3.8851898734177217
4918,3.8851898734177217
8379,3.8851898734177217
2609,3.8851898734177217
5331,3.8851898734177217
8089,3.8851898734177217
9448,3.8851898734177217
3,3.8851898734177217
5098,3.8851898734177217
2221,3.8851898734177217
2458,3.8851898734177217
4802,3.8851898734177217
4710,3.8851898734177217
290,3.8851898734177217
3443,3.8851898734177217
3485,3.8851898734177217
8744,3.8851898734177217
3469,3.8851898734177217
7015,3.8851898734177217
6594,3.8851898734177217
6785,3.8851898734177217
8370,3.8851898734177217
5819,3.8851898734177217
4633,3.8851898734177217
5264,3.8851898734177217
1472,3.8851898734177217
135,3.8851898734177217
5135,3.8851898734177217
1691,3.8851898734177217
3027,3.8851898734177217
921,3.8851898734177217
7471,3.8851898734177217
8464,3.8851898734177217
7990,3.8851898734177217
9212,3.8851898734177217
9427,3.8851898734177217
7923,3.8851898734177217
4110,3.8851898734177217
2075,3.8851898734177217
7307,3.8851898734177217
5680,3.8851898734177217
4022,3.8851898734177217
2484,3.8851898734177217
3059,3.8851898734177217
673,3.8851898734177217
2183,3.8851898734177217
2423,3.8851898734177217
5292,3.8851898734177217
4601,3.8851898734177217
5963,3.8851898734177217
8736,3.8851898734177217
2340,3.8851898734177217
1208,3.8851898734177217
4929,3.8851898734177217
1315,3.8851898734177217
4441,3.8851898734177217
2750,3.8851898734177217
3660,3.8851898734177217
9662,3.8851898734177217
9078,3.8851898734177217
761,3.8851898734177217
8248,3.8851898734177217
9667,3.8851898734177217
9161,3.8851898734177217
7621,3.8851898734177217
1068,3.8851898734177217
9390,3.8851898734177217
6318,3.8851898734177217
2770,3.8851898734177217
2474,3.8851898734177217
5508,3.8851898734177217
7951,3.8851898734177217
8746,3.8851898734177217
6355,3.8851898734177217
5529,3.8851898734177217
9037,3.8851898734177217
7664,3.8851898734177217
3370,3.8851898734177217
3661,3.8851898734177217
4513,3.8851898734177217
9149,3.8851898734177217
321,3.8851898734177217
1175,3.8851898734177217
7749,3.8851898734177217
6389,3.8851898734177217
782,3.8851898734177217
2239,3.8851898734177217
5638,3.8851898734177217
4397,3.8851898734177217
5011,3.8851898734177217
4180,3.8851898734177217
3284,3.8851898734177217
9577,3.8851898734177217
8807,3.8851898734177217
483,3.8851898734177217
3032,3.8851898734177217
1954,3.8851898734177217
3698,3.8851898734177217
1145,3.8851898734177217
6829,3.8851898734177217
8083,3.8851898734177217
330,3.8851898734177217
7972,3.8851898734177217
8296,3.8851898734177217
6045,3.8851898734177217
4239,3.8851898734177217
4427,3.8851898734177217
144,3.8851898734177217
5831,3.8851898734177217
367,3.8851898734177217
8801,3.8851898734177217
5156,3.8851898734177217
7011,3.8851898734177217
333,3.8851898734177217
2088,3.8851898734177217
5225,3.8851898734177217
8902,3.8851898734177217
7766,3.8851898734177217
9598,3.8851898734177217
2859,3.8851898734177217
2997,3.8851898734177217
8036,3.8851898734177217
9121,3.8851898734177217
3079,3.8851898734177217
7450,3.8851898734177217
3077,3.8851898734177217
3448,3.8851898734177217
5581,3.8851898734177217
2417,3.8851898734177217
6733,3.8851898734177217
6669,3.8851898734177217
1369,3.8851898734177217
7033,3.8851898734177217
4949,3.8851898734177217
3994,3.8851898734177217
4797,3.8851898734177217
2820,3.8851898734177217
8315,3.8851898734177217
5244,3.8851898734177217
4783,3.8851898734177217
5361,3.8851898734177217
1963,3.8851898734177217
8178,3.8851898734177217
2114,3.8851898734177217
7013,3.8851898734177217
8878,3.8851898734177217
1349,3.8851898734177217
9218,3.8851898734177217
14,3.8851898734177217
3146,3.8851898734177217
8681,3.8851898734177217
7870,3.8851898734177217
9089,3.8851898734177217
8703,3.8851898734177217
0,3.8851898734177217
6258,3.8851898734177217
349,3.8851898734177217
3334,3.8851898734177217
7453,3.8851898734177217
9210,3.8851898734177217
457,3.8851898734177217
3685,3.8851898734177217
9552,3.8851898734177217
6734,3.8851898734177217
3542,3.8851898734177217
6067,3.8851898734177217
1807,3.8851898734177217
131,3.8851898734177217
6967,3.8851898734177217
5198,3.8851898734177217
3777,3.8851898734177217
7257,3.8851898734177217
8182,3.8851898734177217
3538,3.8851898734177217
5992,3.8851898734177217
8982,3.8851898734177217
3921,3.8851898734177217
952,3.8851898734177217
5193,3.8851898734177217
6227,3.8851898734177217
5635,3.8851898734177217
4584,3.8851898734177217
3905,3.8851898734177217
8075,3.8851898734177217
9341,3.8851898734177217
713,3.8851898734177217
3387,3.8851898734177217
3251,3.8851898734177217
3656,3.8851898734177217
265,3.8851898734177217
1111,3.8851898734177217
7719,3.8851898734177217
9574,3.8851898734177217
9407,3.8851898734177217
6033,3.8851898734177217
932,3.8851898734177217
8450,3.8851898734177217
5798,3.8851898734177217
7837,3.8851898734177217
316,3.8851898734177217
8124,3.8851898734177217
2122,3.8851898734177217
2515,3.8851898734177217
5300,3.8851898734177217
4341,3.8851898734177217
4271,3.8851898734177217
1373,3.8851898734177217
5942,3.8851898734177217
103,3.8851898734177217
6364,3.8851898734177217
2129,3.8851898734177217
5605,3.8851898734177217
4712,3.8851898734177217
1684,3.8851898734177217
3528,3.8851898734177217
9835,3.8851898734177217
7441,3.8851898734177217
1383,3.8851898734177217
4253,3.8851898734177217
9116,3.8851898734177217
3689,3.8851898734177217
3101,3.8851898734177217
4423,3.8851898734177217
1760,3.8851898734177217
1453,3.8851898734177217
3055,3.8851898734177217
4549,3.8851898734177217
2029,3.8851898734177217
3540,3.8851898734177217
6324,3.8851898734177217
2874,3.8851898734177217
4540,3.8851898734177217
567,3.8851898734177217
7757,3.8851898734177217
8026,3.8851898734177217
9773,3.8851898734177217
6157,3.8851898734177217
9195,3.8851898734177217
4564,3.8851898734177217
3544,3.8851898734177217
3160,3.8851898734177217
1446,3.8851898734177217
5019,3.8851898734177217
7332,3.8851898734177217
6179,3.8851898734177217
6372,3.8851898734177217
5829,3.8851898734177217
3413,3.8851898734177217
2697,3.8851898734177217
8607,3.8851898734177217
4052,3.8851898734177217
850,3.8851898734177217
1791,3.8851898734177217
36,3.8851898734177217
2519,3.8851898734177217
789,3.8851898734177217
8974,3.8851898734177217
8883,3.8851898734177217
3887,3.8851898734177217
5270,3.8851898734177217
2907,3.8851898734177217
577,3.8851898734177217
9073,3.8851898734177217
7967,3.8851898734177217
1142,3.8851898734177217
5168,3.8851898734177217
4765,3.8851898734177217
8939,3.8851898734177217
4923,3.8851898734177217
8019,3.8851898734177217
7344,3.8851898734177217
7724,3.8851898734177217
4789,3.8851898734177217
1626,3.8851898734177217
7895,3.8851898734177217
3527,3.8851898734177217
8683,3.8851898734177217
7840,3.8851898734177217
47,3.8851898734177217
7202,3.8851898734177217
4321,3.8851898734177217
5933,3.8851898734177217
9393,3.8851898734177217
4161,3.8851898734177217
958,3.8851898734177217
7313,3.8851898734177217
3918,3.8851898734177217
7746,3.8851898734177217
6134,3.8851898734177217
7337,3.8851898734177217
4856,3.8851898734177217
7482,3.8851898734177217
6476,3.8851898734177217
3231,3.8851898734177217
6252,3.8851898734177217
7496,3.8851898734177217
4350,3.8851898734177217
1199,3.8851898734177217
2715,3.8851898734177217
5516,3.8851898734177217
1247,3.8851898734177217
8065,3.8851898734177217
2802,3.8851898734177217
5221,3.8851898734177217
9664,3.8851898734177217
2522,3.8851898734177217
7229,3.8851898734177217
6805,3.8851898734177217
3381,3.8851898734177217
5639,3.8851898734177217
8403,3.8851898734177217
4476,3.8851898734177217
4877,3.8851898734177217
7023,3.8851898734177217
8430,3.8851898734177217
4439,3.8851898734177217
8768,3.8851898734177217
3948,3.8851898734177217
5599,3.8851898734177217
7001,3.8851898734177217
3082,3.8851898734177217
2287,3.8851898734177217
586,3.8851898734177217
3014,3.8851898734177217
6878,3.8851898734177217
5506,3.8851898734177217
335,3.8851898734177217
4864,3.8851898734177217
9549,3.8851898734177217
3333,3.8851898734177217
2213,3.8851898734177217
4696,3.8851898734177217
1393,3.8851898734177217
23,3.8851898734177217
1543,3.8851898734177217
2233,3.8851898734177217
7500,3.8851898734177217
381,3.8851898734177217
6834,3.8851898734177217
6870,3.8851898734177217
2013,3.8851898734177217
6347,3.8851898734177217
8538,3.8851898734177217
7738,3.8851898734177217
2464,3.8851898734177217
4162,3.8851898734177217
9028,3.8851898734177217
3614,3.8851898734177217
3955,3.8851898734177217
6301,3.8851898734177217
9868,3.8851898734177217
1090,3.8851898734177217
1780,3.8851898734177217
1188,3.8851898734177217
5070,3.8851898734177217
9735,3.8851898734177217
9507,3.8851898734177217
6326,3.8851898734177217
5716,3.8851898734177217
9864,3.8851898734177217
5965,3.8851898734177217
1606,3.8851898734177217
1087,3.8851898734177217
7487,3.8851898734177217
7510,3.8851898734177217
4827,3.8851898734177217
6899,3.8851898734177217
795,3.8851898734177217
9294,3.8851898734177217
2751,3.8851898734177217
4708,3.8851898734177217
3621,3.8851898734177217
4056,3.8851898734177217
8940,3.8851898734177217
2531,3.8851898734177217
4836,3.8851898734177217
9793,3.8851898734177217
2249,3.8851898734177217
5629,3.8851898734177217
1071,3.8851898734177217
7808,3.8851898734177217
7369,3.8851898734177217
765,3.8851898734177217
286,3.8851898734177217
9689,3.8851898734177217
7613,3.8851898734177217
8328,3.8851898734177217
4747,3.8851898734177217
2152,3.8851898734177217
7217,3.8851898734177217
5957,3.8851898734177217
2225,3.8851898734177217
563,3.8851898734177217
291,3.8851898734177217
1741,3.8851898734177217
5400,3.8851898734177217
1575,3.8851898734177217
169,3.8851898734177217
267,3.8851898734177217
3776,3.8851898734177217
3209,3.8851898734177217
7614,3.8851898734177217
315,3.8851898734177217
6314,3.8851898734177217
1803,3.8851898734177217
1631,3.8851898734177217
245,3.8851898734177217
1957,3.8851898734177217
5377,3.8851898734177217
5414,3.8851898734177217
50,3.8851898734177217
8706,3.8851898734177217
6198,3.8851898734177217
4687,3.8851898734177217
4205,3.8851898734177217
1155,3.8851898734177217
8045,3.8851898734177217
4003,3.8851898734177217
8942,3.8851898734177217
3979,3.8851898734177217
6451,3.8851898734177217
248,3.8851898734177217
1527,3.8851898734177217
4645,3.8851898734177217
9180,3.8851898734177217
6569,3.8851898734177217
2119,3.8851898734177217
1671,3.8851898734177217
4656,3.8851898734177217
1180,3.8851898734177217
8167,3.8851898734177217
3070,3.8851898734177217
3205,3.8851898734177217
7971,3.8851898734177217
1595,3.8851898734177217
9684,3.8851898734177217
447,3.8851898734177217
8365,3.8851898734177217
1683,3.8851898734177217
4734,3.8851898734177217
6308,3.8851898734177217
2833,3.8851898734177217
683,3.8851898734177217
2554,3.8851898734177217
8331,3.8851898734177217
8062,3.8851898734177217
7889,3.8851898734177217
3782,3.8851898734177217
1739,3.8851898734177217
1183,3.8851898734177217
318,3.8851898734177217
3795,3.8851898734177217
6138,3.8851898734177217
1458,3.8851898734177217
5235,3.8851898734177217
376,3.8851898734177217
410,3.8851898734177217
5214,3.8851898734177217
3018,3.8851898734177217
8034,3.8851898734177217
6105,3.8851898734177217
4695,3.8851898734177217
6291,3.8851898734177217
4819,3.8851898734177217
4489,3.8851898734177217
5628,3.8851898734177217
3960,3.8851898734177217
9046,3.8851898734177217
4619,3.8851898734177217
2611,3.8851898734177217
8889,3.8851898734177217
274,3.8851898734177217
7662,3.8851898734177217
6990,3.8851898734177217
4359,3.8851898734177217
7388,3.8851898734177217
2701,3.8851898734177217
7107,3.8851898734177217
9070,3.8851898734177217
7669,3.8851898734177217
8757,3.8851898734177217
7646,3.8851898734177217
3044,3.8851898734177217
5332,3.8851898734177217
4264,3.8851898734177217
9554,3.8851898734177217
7874,3.8851898734177217
9641,3.8851898734177217
5284,3.8851898734177217
3282,3.8851898734177217
2456,3.8851898734177217
3060,3.8851898734177217
7053,3.8851898734177217
5382,3.8851898734177217
8620,3.8851898734177217
1576,3.8851898734177217
1372,3.8851898734177217
1318,3.8851898734177217
9055,3.8851898734177217
3002,3.8851898734177217
2884,3.8851898734177217
2889,3.8851898734177217
5254,3.8851898734177217
513,3.8851898734177217
8161,3.8851898734177217
2389,3.8851898734177217
1156,3.8851898734177217
6125,3.8851898734177217
6447,3.8851898734177217
970,3.8851898734177217
2252,3.8851898734177217
9487,3.8851898734177217
474,3.8851898734177217
5452,3.8851898734177217
4899,3.8851898734177217
3686,3.8851898734177217
3172,3.8851898734177217
9415,3.8851898734177217
8887,3.8851898734177217
5265,3.8851898734177217
4974,3.8851898734177217
5349,3.8851898734177217
3742,3.8851898734177217
9136,3.8851898734177217
7407,3.8851898734177217
8114,3.8851898734177217
3649,3.8851898734177217
7086,3.8851898734177217
8591,3.8851898734177217
8843,3.8851898734177217
3566,3.8851898734177217
2848,3.8851898734177217
8419,3.8851898734177217
5040,3.8851898734177217
3019,3.8851898734177217
2689,3.8851898734177217
2124,3.8851898734177217
9445,3.8851898734177217
3668,3.8851898734177217
624,3.8851898734177217
6152,3.8851898734177217
8927,3.8851898734177217
3459,3.8851898734177217
7320,3.8851898734177217
7599,3.8851898734177217
8593,3.8851898734177217
7256,3.8851898734177217
668,3.8851898734177217
1112,3.8851898734177217
1516,3.8851898734177217
1747,3.8851898734177217
582,3.8851898734177217
4416,3.8851898734177217
5869,3.8851898734177217
7676,3.8851898734177217
8784,3.8851898734177217
3848,3.8851898734177217
5425,3.8851898734177217
76,3.8851898734177217
3944,3.8851898734177217
2301,3.8851898734177217
9239,3.8851898734177217
9493,3.8851898734177217
8411,3.8851898734177217
592,3.8851898734177217
2145,3.8851898734177217
7251,3.8851898734177217
4568,3.8851898734177217
5269,3.8851898734177217
705,3.8851898734177217
4132,3.8851898734177217
3244,3.8851898734177217
8599,3.8851898734177217
7129,3.8851898734177217
7765,3.8851898734177217
8158,3.8851898734177217
8916,3.8851898734177217
4333,3.8851898734177217
6513,3.8851898734177217
1768,3.8851898734177217
7828,3.8851898734177217
908,3.8851898734177217
5667,3.8851898734177217
1418,3.8851898734177217
2067,3.8851898734177217
7025,3.8851898734177217
1277,3.8851898734177217
8057,3.8851898734177217
3091,3.8851898734177217
8359,3.8851898734177217
9644,3.8851898734177217
5446,3.8851898734177217
9001,3.8851898734177217
1618,3.8851898734177217
594,3.8851898734177217
3053,3.8851898734177217
7440,3.8851898734177217
8063,3.8851898734177217
8712,3.8851898734177217
5071,3.8851898734177217
5642,3.8851898734177217
4367,3.8851898734177217
9428,3.8851898734177217
6926,3.8851898734177217
1746,3.8851898734177217
10,3.8851898734177217
3011,3.8851898734177217
7684,3.8851898734177217
8735,3.8851898734177217
7600,3.8851898734177217
4089,3.8851898734177217
93,3.8851898734177217
5118,3.8851898734177217
5843,3.8851898734177217
9840,3.8851898734177217
3497,3.8851898734177217
6433,3.8851898734177217
7464,3.8851898734177217
5527,3.8851898734177217
6814,3.8851898734177217
2955,3.8851898734177217
292,3.8851898734177217
7678,3.8851898734177217
5549,3.8851898734177217
2232,3.8851898734177217
5696,3.8851898734177217
5447,3.8851898734177217
9375,3.8851898734177217
1107,3.8851898734177217
7333,3.8851898734177217
4803,3.8851898734177217
8197,3.8851898734177217
6577,3.8851898734177217
3543,3.8851898734177217
8664,3.8851898734177217
9240,3.8851898734177217
1919,3.8851898734177217
2227,3.8851898734177217
7877,3.8851898734177217
5814,3.8851898734177217
4100,3.8851898734177217
6211,3.8851898734177217
9395,3.8851898734177217
2684,3.8851898734177217
8249,3.8851898734177217
6916,3.8851898734177217
3815,3.8851898734177217
7019,3.8851898734177217
4429,3.8851898734177217
7697,3.8851898734177217
2470,3.8851898734177217
7847,3.8851898734177217
9528,3.8851898734177217
7325,3.8851898734177217
2168,3.8851898734177217
1593,3.8851898734177217
3898,3.8851898734177217
1123,3.8851898734177217
2412,3.8851898734177217
9524,3.8851898734177217
3007,3.8851898734177217
9819,3.8851898734177217
6312,3.8851898734177217
2545,3.8851898734177217
6131,3.8851898734177217
1245,3.8851898734177217
6058,3.8851898734177217
8743,3.8851898734177217
7364,3.8851898734177217
4122,3.8851898734177217
3842,3.8851898734177217
2516,3.8851898734177217
8819,3.8851898734177217
9019,3.8851898734177217
4226,3.8851898734177217
7522,3.8851898734177217
7579,3.8851898734177217
3550,3.8851898734177217
7932,3.8851898734177217
7092,3.8851898734177217
5822,3.8851898734177217
2109,3.8851898734177217
700,3.8851898734177217
8811,3.8851898734177217
9328,3.8851898734177217
2407,3.8851898734177217
1713,3.8851898734177217
5664,3.8851898734177217
4284,3.8851898734177217
8725,3.8851898734177217
3050,3.8851898734177217
5165,3.8851898734177217
6187,3.8851898734177217
1562,3.8851898734177217
7544,3.8851898734177217
5518,3.8851898734177217
6700,3.8851898734177217
8255,3.8851898734177217
5333,3.8851898734177217
3378,3.8851898734177217
8853,3.8851898734177217
3909,3.8851898734177217
7265,3.8851898734177217
603,3.8851898734177217
8682,3.8851898734177217
8950,3.8851898734177217
393,3.8851898734177217
6216,3.8851898734177217
7533,3.8851898734177217
1224,3.8851898734177217
95,3.8851898734177217
3194,3.8851898734177217
7087,3.8851898734177217
7593,3.8851898734177217
3111,3.8851898734177217
7739,3.8851898734177217
7742,3.8851898734177217
9255,3.8851898734177217
3662,3.8851898734177217
7168,3.8851898734177217
2954,3.8851898734177217
2818,3.8851898734177217
1149,3.8851898734177217
3272,3.8851898734177217
4672,3.8851898734177217
7811,3.8851898734177217
3105,3.8851898734177217
7306,3.8851898734177217
3038,3.8851898734177217
2039,3.8851898734177217
5309,3.8851898734177217
9420,3.8851898734177217
6458,3.8851898734177217
2760,3.8851898734177217
19,3.8851898734177217
9815,3.8851898734177217
5268,3.8851898734177217
3080,3.8851898734177217
1253,3.8851898734177217
6836,3.8851898734177217
7130,3.8851898734177217
6243,3.8851898734177217
8347,3.8851898734177217
1347,3.8851898734177217
2913,3.8851898734177217
7210,3.8851898734177217
1558,3.8851898734177217
3016,3.8851898734177217
7620,3.8851898734177217
4217,3.8851898734177217
2286,3.8851898734177217
7647,3.8851898734177217
8573,3.8851898734177217
2991,3.8851898734177217
8540,3.8851898734177217
7799,3.8851898734177217
6578,3.8851898734177217
620,3.8851898734177217
9205,3.8851898734177217
2906,3.8851898734177217
4245,3.8851898734177217
6909,3.8851898734177217
1046,3.8851898734177217
8015,3.8851898734177217
4833,3.8851898734177217
743,3.8851898734177217
222,3.8851898734177217
4792,3.8851898734177217
6373,3.8851898734177217
1775,3.8851898734177217
1501,3.8851898734177217
4467,3.8851898734177217
7219,3.8851898734177217
7331,3.8851898734177217
7383,3.8851898734177217
9265,3.8851898734177217
3934,3.8851898734177217
5266,3.8851898734177217
353,3.8851898734177217
4401,3.8851898734177217
7797,3.8851898734177217
6173,3.8851898734177217
3034,3.8851898734177217
239,3.8851898734177217
2510,3.8851898734177217
9283,3.8851898734177217
5794,3.8851898734177217
9679,3.8851898734177217
2588,3.8851898734177217
9288,3.8851898734177217
9704,3.8851898734177217
2045,3.8851898734177217
8059,3.8851898734177217
1018,3.8851898734177217
2963,3.8851898734177217
6020,3.8851898734177217
1897,3.8851898734177217
8384,3.8851898734177217
1103,3.8851898734177217
2245,3.8851898734177217
6975,3.8851898734177217
4355,3.8851898734177217
3024,3.8851898734177217
6914,3.8851898734177217
2486,3.8851898734177217
5550,3.8851898734177217
9461,3.8851898734177217
1599,3.8851898734177217
5927,3.8851898734177217
9229,3.8851898734177217
9301,3.8851898734177217
7410,3.8851898734177217
217,3.8851898734177217
7812,3.8851898734177217
7726,3.8851898734177217
8313,3.8851898734177217
1034,3.8851898734177217
5849,3.8851898734177217
4518,3.8851898734177217
7110,3.8851898734177217
2373,3.8851898734177217
9744,3.8851898734177217
906,3.8851898734177217
4313,3.8851898734177217
4639,3.8851898734177217
6817,3.8851898734177217
2650,3.8851898734177217
1658,3.8851898734177217
4475,3.8851898734177217
2150,3.8851898734177217
4906,3.8851898734177217
4682,3.8851898734177217
3410,3.8851898734177217
7915,3.8851898734177217
852,3.8851898734177217
4816,3.8851898734177217
7363,3.8851898734177217
5916,3.8851898734177217
2957,3.8851898734177217
5106,3.8851898734177217
7046,3.8851898734177217
4766,3.8851898734177217
6864,3.8851898734177217
5649,3.8851898734177217
747,3.8851898734177217
4279,3.8851898734177217
347,3.8851898734177217
8816,3.8851898734177217
2072,3.8851898734177217
4023,3.8851898734177217
1617,3.8851898734177217
4328,3.8851898734177217
8499,3.8851898734177217
2664,3.8851898734177217
8606,3.8851898734177217
3624,3.8851898734177217
2375,3.8851898734177217
8122,3.8851898734177217
4740,3.8851898734177217
763,3.8851898734177217
1479,3.8851898734177217
2291,3.8851898734177217
5967,3.8851898734177217
6597,3.8851898734177217
8326,3.8851898734177217
6691,3.8851898734177217
3616,3.8851898734177217
4091,3.8851898734177217
708,3.8851898734177217
509,3.8851898734177217
3015,3.8851898734177217
7335,3.8851898734177217
7685,3.8851898734177217
4934,3.8851898734177217
9093,3.8851898734177217
7758,3.8851898734177217
1785,3.8851898734177217
6649,3.8851898734177217
4537,3.8851898734177217
9780,3.8851898734177217
4277,3.8851898734177217
711,3.8851898734177217
6309,3.8851898734177217
9150,3.8851898734177217
4326,3.8851898734177217
4514,3.8851898734177217
712,3.8851898734177217
3338,3.8851898734177217
4701,3.8851898734177217
6244,3.8851898734177217
6939,3.8851898734177217
2098,3.8851898734177217
2138,3.8851898734177217
3434,3.8851898734177217
9330,3.8851898734177217
4908,3.8851898734177217
5129,3.8851898734177217
212,3.8851898734177217
9221,3.8851898734177217
3914,3.8851898734177217
1010,3.8851898734177217
323,3.8851898734177217
3963,3.8851898734177217
5464,3.8851898734177217
3071,3.8851898734177217
5894,3.8851898734177217
2360,3.8851898734177217
7374,3.8851898734177217
8171,3.8851898734177217
2316,3.8851898734177217
9541,3.8851898734177217
4981,3.8851898734177217
6646,3.8851898734177217
3143,3.8851898734177217
6885,3.8851898734177217
3125,3.8851898734177217
5228,3.8851898734177217
2447,3.8851898734177217
3131,3.8851898734177217
2688,3.8851898734177217
4123,3.8851898734177217
774,3.8851898734177217
5646,3.8851898734177217
871,3.8851898734177217
4237,3.8851898734177217
1263,3.8851898734177217
4707,3.8851898734177217
3723,3.8851898734177217
9659,3.8851898734177217
7342,3.8851898734177217
5594,3.8851898734177217
1220,3.8851898734177217
1730,3.8851898734177217
1530,3.8851898734177217
408,3.8851898734177217
2108,3.8851898734177217
2210,3.8851898734177217
2012,3.8851898734177217
3316,3.8851898734177217
8203,3.8851898734177217
6774,3.8851898734177217
2620,3.8851898734177217
2766,3.8851898734177217
9655,3.8851898734177217
4657,3.8851898734177217
7298,3.8851898734177217
7055,3.8851898734177217
5459,3.8851898734177217
7139,3.8851898734177217
4700,3.8851898734177217
1915,3.8851898734177217
6206,3.8851898734177217
4641,3.8851898734177217
7961,3.8851898734177217
8008,3.8851898734177217
7671,3.8851898734177217
4745,3.8851898734177217
2405,3.8851898734177217
1339,3.8851898734177217
6215,3.8851898734177217
4509,3.8851898734177217
4900,3.8851898734177217
2165,3.8851898734177217
4076,3.8851898734177217
3501,3.8851898734177217
8674,3.8851898734177217
745,3.8851898734177217
710,3.8851898734177217
379,3.8851898734177217
8329,3.8851898734177217
2777,3.8851898734177217
4606,3.8851898734177217
5666,3.8851898734177217
6107,3.8851898734177217
4372,3.8851898734177217
9363,3.8851898734177217
4661,3.8851898734177217
6498,3.8851898734177217
8465,3.8851898734177217
2465,3.8851898734177217
1313,3.8851898734177217
7523,3.8851898734177217
7855,3.8851898734177217
4304,3.8851898734177217
3931,3.8851898734177217
1482,3.8851898734177217
1285,3.8851898734177217
7583,3.8851898734177217
6772,3.8851898734177217
3353,3.8851898734177217
1655,3.8851898734177217
427,3.8851898734177217
653,3.8851898734177217
8930,3.8851898734177217
1498,3.8851898734177217
7531,3.8851898734177217
4055,3.8851898734177217
4617,3.8851898734177217
6754,3.8851898734177217
2737,3.8851898734177217
2691,3.8851898734177217
611,3.8851898734177217
8855,3.8851898734177217
8204,3.8851898734177217
3487,3.8851898734177217
7820,3.8851898734177217
4756,3.8851898734177217
3684,3.8851898734177217
554,3.8851898734177217
2523,3.8851898734177217
511,3.8851898734177217
8670,3.8851898734177217
4252,3.8851898734177217
967,3.8851898734177217
5885,3.8851898734177217
3582,3.8851898734177217
2517,3.8851898734177217
7460,3.8851898734177217
9351,3.8851898734177217
4156,3.8851898734177217
1650,3.8851898734177217
8802,3.8851898734177217
6571,3.8851898734177217
7627,3.8851898734177217
3643,3.8851898734177217
8470,3.8851898734177217
1109,3.8851898734177217
7556,3.8851898734177217
5067,3.8851898734177217
1038,3.8851898734177217
6022,3.8851898734177217
1488,3.8851898734177217
8488,3.8851898734177217
4975,3.8851898734177217
8859,3.8851898734177217
8934,3.8851898734177217
934,3.8851898734177217
8639,3.8851898734177217
394,3.8851898734177217
5247,3.8851898734177217
9049,3.8851898734177217
3481,3.8851898734177217
9817,3.8851898734177217
9378,3.8851898734177217
1297,3.8851898734177217
9437,3.8851898734177217
1162,3.8851898734177217
6126,3.8851898734177217
4233,3.8851898734177217
1862,3.8851898734177217
2930,3.8851898734177217
58,3.8851898734177217
2894,3.8851898734177217
4366,3.8851898734177217
4339,3.8851898734177217
4417,3.8851898734177217
9292,3.8851898734177217
3314,3.8851898734177217
7349,3.8851898734177217
4344,3.8851898734177217
5306,3.8851898734177217
9584,3.8851898734177217
3721,3.8851898734177217
676,3.8851898734177217
3428,3.8851898734177217
3495,3.8851898734177217
9379,3.8851898734177217
2614,3.8851898734177217
8952,3.8851898734177217
3274,3.8851898734177217
8191,3.8851898734177217
3991,3.8851898734177217
4447,3.8851898734177217
8632,3.8851898734177217
866,3.8851898734177217
8402,3.8851898734177217
4902,3.8851898734177217
4453,3.8851898734177217
2876,3.8851898734177217
8876,3.8851898734177217
6429,3.8851898734177217
9085,3.8851898734177217
2344,3.8851898734177217
6351,3.8851898734177217
5356,3.8851898734177217
9578,3.8851898734177217
2251,3.8851898734177217
4395,3.8851898734177217
1210,3.8851898734177217
5584,3.8851898734177217
2420,3.8851898734177217
7417,3.8851898734177217
2337,3.8851898734177217
6410,3.8851898734177217
1921,3.8851898734177217
2358,3.8851898734177217
9191,3.8851898734177217
3787,3.8851898734177217
617,3.8851898734177217
4414,3.8851898734177217
5092,3.8851898734177217
8160,3.8851898734177217
766,3.8851898734177217
9162,3.8851898734177217
8986,3.8851898734177217
7354,3.8851898734177217
1144,3.8851898734177217
8091,3.8851898734177217
6658,3.8851898734177217
462,3.8851898734177217
4521,3.8851898734177217
1765,3.8851898734177217
4638,3.8851898734177217
1901,3.8851898734177217
5358,3.8851898734177217
8937,3.8851898734177217
6486,3.8851898734177217
8301,3.8851898734177217
2110,3.8851898734177217
6902,3.8851898734177217
828,3.8851898734177217
6839,3.8851898734177217
3761,3.8851898734177217
2996,3.8851898734177217
5593,3.8851898734177217
6242,3.8851898734177217
3625,3.8851898734177217
2478,3.8851898734177217
3541,3.8851898734177217
4963,3.8851898734177217
20,3.8851898734177217
7503,3.8851898734177217
9249,3.8851898734177217
9222,3.8851898734177217
3673,3.8851898734177217
8594,3.8851898734177217
1295,3.8851898734177217
5958,3.8851898734177217
591,3.8851898734177217
2840,3.8851898734177217
221,3.8851898734177217
7371,3.8851898734177217
6084,3.8851898734177217
4309,3.8851898734177217
858,3.8851898734177217
5289,3.8851898734177217
4539,3.8851898734177217
2973,3.8851898734177217
9837,3.8851898734177217
2648,3.8851898734177217
3298,3.8851898734177217
9497,3.8851898734177217
994,3.8851898734177217
4229,3.8851898734177217
730,3.8851898734177217
4464,3.8851898734177217
4667,3.8851898734177217
8852,3.8851898734177217
6682,3.8851898734177217
4407,3.8851898734177217
1795,3.8851898734177217
465,3.8851898734177217
5389,3.8851898734177217
7402,3.8851898734177217
7775,3.8851898734177217
157,3.8851898734177217
9508,3.8851898734177217
2191,3.8851898734177217
3210,3.8851898734177217
185,3.8851898734177217
1002,3.8851898734177217
5515,3.8851898734177217
3238,3.8851898734177217
400,3.8851898734177217
7238,3.8851898734177217
7103,3.8851898734177217
5931,3.8851898734177217
7146,3.8851898734177217
4832,3.8851898734177217
2732,3.8851898734177217
7801,3.8851898734177217
1250,3.8851898734177217
8398,3.8851898734177217
5665,3.8851898734177217
59,3.8851898734177217
9703,3.8851898734177217
1113,3.8851898734177217
2927,3.8851898734177217
3936,3.8851898734177217
1328,3.8851898734177217
7442,3.8851898734177217
6507,3.8851898734177217
8112,3.8851898734177217
9458,3.8851898734177217
8526,3.8851898734177217
2922,3.8851898734177217
7809,3.8851898734177217
7365,3.8851898734177217
5313,3.8851898734177217
1550,3.8851898734177217
1009,3.8851898734177217
6380,3.8851898734177217
4176,3.8851898734177217
7658,3.8851898734177217
3518,3.8851898734177217
5466,3.8851898734177217
1941,3.8851898734177217
4921,3.8851898734177217
5694,3.8851898734177217
6438,3.8851898734177217
9841,3.8851898734177217
8936,3.8851898734177217
879,3.8851898734177217
7152,3.8851898734177217
2388,3.8851898734177217
8857,3.8851898734177217
6403,3.8851898734177217
4829,3.8851898734177217
2377,3.8851898734177217
2627,3.8851898734177217
883,3.8851898734177217
9241,3.8851898734177217
4771,3.8851898734177217
6712,3.8851898734177217
211,3.8851898734177217
3383,3.8851898734177217
8898,3.8851898734177217
2807,3.8851898734177217
1937,3.8851898734177217
9710,3.8851898734177217
4071,3.8851898734177217
1438,3.8851898734177217
5882,3.8851898734177217
5325,3.8851898734177217
6311,3.8851898734177217
5504,3.8851898734177217
8497,3.8851898734177217
6510,3.8851898734177217
6296,3.8851898734177217
9029,3.8851898734177217
9654,3.8851898734177217
1314,3.8851898734177217
9622,3.8851898734177217
8109,3.8851898734177217
9579,3.8851898734177217
3508,3.8851898734177217
914,3.8851898734177217
12,3.8851898734177217
6428,3.8851898734177217
6259,3.8851898734177217
1536,3.8851898734177217
736,3.8851898734177217
1688,3.8851898734177217
453,3.8851898734177217
8494,3.8851898734177217
927,3.8851898734177217
4335,3.8851898734177217
9291,3.8851898734177217
7216,3.8851898734177217
37,3.8851898734177217
4007,3.8851898734177217
9752,3.8851898734177217
7430,3.8851898734177217
9873,3.8851898734177217
4382,3.8851898734177217
940,3.8851898734177217
5035,3.8851898734177217
6485,3.8851898734177217
8553,3.8851898734177217
8014,3.8851898734177217
2127,3.8851898734177217
5566,3.8851898734177217
2147,3.8851898734177217
738,3.8851898734177217
538,3.8851898734177217
5868,3.8851898734177217
7558,3.8851898734177217
1400,3.8851898734177217
6687,3.8851898734177217
9643,3.8851898734177217
8575,3.8851898734177217
8833,3.8851898734177217
8117,3.8851898734177217
2157,3.8851898734177217
5202,3.8851898734177217
7934,3.8851898734177217
1825,3.8851898734177217
9795,3.8851898734177217
9764,3.8851898734177217
6586,3.8851898734177217
3813,3.8851898734177217
3307,3.8851898734177217
5418,3.8851898734177217
6480,3.8851898734177217
7412,3.8851898734177217
6080,3.8851898734177217
4338,3.8851898734177217
7416,3.8851898734177217
2678,3.8851898734177217
4598,3.8851898734177217
7534,3.8851898734177217
2864,3.8851898734177217
4572,3.8851898734177217
5404,3.8851898734177217
9626,3.8851898734177217
8042,3.8851898734177217
6343,3.8851898734177217
6435,3.8851898734177217
5940,3.8851898734177217
8820,3.8851898734177217
3597,3.8851898734177217
6743,3.8851898734177217
3884,3.8851898734177217
6341,3.8851898734177217
3889,3.8851898734177217
8170,3.8851898734177217
5489,3.8851898734177217
6255,3.8851898734177217
3535,3.8851898734177217
2754,3.8851898734177217
9234,3.8851898734177217
7467,3.8851898734177217
7998,3.8851898734177217
9157,3.8851898734177217
4222,3.8851898734177217
7199,3.8851898734177217
3574,3.8851898734177217
5833,3.8851898734177217
4238,3.8851898734177217
8332,3.8851898734177217
1346,3.8851898734177217
6901,3.8851898734177217
8834,3.8851898734177217
5502,3.8851898734177217
7864,3.8851898734177217
3033,3.8851898734177217
3299,3.8851898734177217
8570,3.8851898734177217
6062,3.8851898734177217
9156,3.8851898734177217
3295,3.8851898734177217
4635,3.8851898734177217
833,3.8851898734177217
6329,3.8851898734177217
2492,3.8851898734177217
7584,3.8851898734177217
2055,3.8851898734177217
3844,3.8851898734177217
7237,3.8851898734177217
2982,3.8851898734177217
9220,3.8851898734177217
5454,3.8851898734177217
2270,3.8851898734177217
8929,3.8851898734177217
6195,3.8851898734177217
2199,3.8851898734177217
8845,3.8851898734177217
6995,3.8851898734177217
1732,3.8851898734177217
1197,3.8851898734177217
8496,3.8851898734177217
3894,3.8851898734177217
6175,3.8851898734177217
1429,3.8851898734177217
6297,3.8851898734177217
5559,3.8851898734177217
1783,3.8851898734177217
6041,3.8851898734177217
6226,3.8851898734177217
1153,3.8851898734177217
8655,3.8851898734177217
2615,3.8851898734177217
4121,3.8851898734177217
9346,3.8851898734177217
2260,3.8851898734177217
3392,3.8851898734177217
3799,3.8851898734177217
3411,3.8851898734177217
4972,3.8851898734177217
1833,3.8851898734177217
4532,3.8851898734177217
605,3.8851898734177217
6707,3.8851898734177217
6778,3.8851898734177217
4474,3.8851898734177217
4924,3.8851898734177217
1483,3.8851898734177217
3281,3.8851898734177217
5281,3.8851898734177217
8785,3.8851898734177217
2485,3.8851898734177217
3946,3.8851898734177217
1426,3.8851898734177217
496,3.8851898734177217
3206,3.8851898734177217
3817,3.8851898734177217
758,3.8851898734177217
837,3.8851898734177217
6021,3.8851898734177217
9630,3.8851898734177217
1022,3.8851898734177217
8649,3.8851898734177217
5465,3.8851898734177217
8358,3.8851898734177217
1057,3.8851898734177217
1794,3.8851898734177217
8231,3.8851898734177217
4241,3.8851898734177217
7582,3.8851898734177217
9426,3.8851898734177217
8897,3.8851898734177217
1981,3.8851898734177217
3460,3.8851898734177217
1544,3.8851898734177217
4332,3.8851898734177217
1718,3.8851898734177217
6119,3.8851898734177217
2189,3.8851898734177217
6070,3.8851898734177217
724,3.8851898734177217
3666,3.8851898734177217
4202,3.8851898734177217
6455,3.8851898734177217
1127,3.8851898734177217
2830,3.8851898734177217
5022,3.8851898734177217
9590,3.8851898734177217
2867,3.8851898734177217
7767,3.8851898734177217
3992,3.8851898734177217
5137,3.8851898734177217
8998,3.8851898734177217
9388,3.8851898734177217
3064,3.8851898734177217
149,3.8851898734177217
5379,3.8851898734177217
4098,3.8851898734177217
8782,3.8851898734177217
4113,3.8851898734177217
841,3.8851898734177217
7131,3.8851898734177217
6867,3.8851898734177217
9611,3.8851898734177217
7089,3.8851898734177217
2816,3.8851898734177217
1835,3.8851898734177217
2178,3.8851898734177217
5650,3.8851898734177217
6466,3.8851898734177217
5381,3.8851898734177217
1392,3.8851898734177217
2910,3.8851898734177217
3465,3.8851898734177217
4721,3.8851898734177217
8341,3.8851898734177217
8618,3.8851898734177217
550,3.8851898734177217
1740,3.8851898734177217
3595,3.8851898734177217
1817,3.8851898734177217
2483,3.8851898734177217
3118,3.8851898734177217
5259,3.8851898734177217
17,3.8851898734177217
1770,3.8851898734177217
8643,3.8851898734177217
1642,3.8851898734177217
4165,3.8851898734177217
4075,3.8851898734177217
4625,3.8851898734177217
4705,3.8851898734177217
533,3.8851898734177217
132,3.8851898734177217
4738,3.8851898734177217
8350,3.8851898734177217
964,3.8851898734177217
7851,3.8851898734177217
8165,3.8851898734177217
7645,3.8851898734177217
1095,3.8851898734177217
7663,3.8851898734177217
1561,3.8851898734177217
1670,3.8851898734177217
8176,3.8851898734177217
4411,3.8851898734177217
9276,3.8851898734177217
8399,3.8851898734177217
6601,3.8851898734177217
5710,3.8851898734177217
168,3.8851898734177217
2473,3.8851898734177217
5749,3.8851898734177217
9409,3.8851898734177217
2018,3.8851898734177217
4511,3.8851898734177217
8579,3.8851898734177217
4301,3.8851898734177217
9097,3.8851898734177217
2540,3.8851898734177217
3903,3.8851898734177217
2167,3.8851898734177217
210,3.8851898734177217
9796,3.8851898734177217
718,3.8851898734177217
4634,3.8851898734177217
7626,3.8851898734177217
1298,3.8851898734177217
7670,3.8851898734177217
5733,3.8851898734177217
2995,3.8851898734177217
6951,3.8851898734177217
6001,3.8851898734177217
9799,3.8851898734177217
2855,3.8851898734177217
7007,3.8851898734177217
1287,3.8851898734177217
3784,3.8851898734177217
6209,3.8851898734177217
8344,3.8851898734177217
6055,3.8851898734177217
4640,3.8851898734177217
2302,3.8851898734177217
7038,3.8851898734177217
2758,3.8851898734177217
9533,3.8851898734177217
3017,3.8851898734177217
4267,3.8851898734177217
6204,3.8851898734177217
2724,3.8851898734177217
8747,3.8851898734177217
6664,3.8851898734177217
2673,3.8851898734177217
3142,3.8851898734177217
7852,3.8851898734177217
7520,3.8851898734177217
449,3.8851898734177217
2128,3.8851898734177217
715,3.8851898734177217
809,3.8851898734177217
5003,3.8851898734177217
7434,3.8851898734177217
9275,3.8851898734177217
810,3.8851898734177217
3952,3.8851898734177217
6321,3.8851898734177217
6647,3.8851898734177217
5351,3.8851898734177217
7017,3.8851898734177217
2742,3.8851898734177217
5826,3.8851898734177217
6203,3.8851898734177217
4850,3.8851898734177217
3202,3.8851898734177217
5994,3.8851898734177217
1477,3.8851898734177217
1790,3.8851898734177217
5026,3.8851898734177217
6897,3.8851898734177217
2771,3.8851898734177217
7897,3.8851898734177217
1406,3.8851898734177217
682,3.8851898734177217
5431,3.8851898734177217
9099,3.8851898734177217
5863,3.8851898734177217
4588,3.8851898734177217
3123,3.8851898734177217
4170,3.8851898734177217
9122,3.8851898734177217
3997,3.8851898734177217
2707,3.8851898734177217
2115,3.8851898734177217
5128,3.8851898734177217
3148,3.8851898734177217
46,3.8851898734177217
30,3.8851898734177217
6587,3.8851898734177217
4064,3.8851898734177217
8408,3.8851898734177217
3688,3.8851898734177217
1468,3.8851898734177217
1665,3.8851898734177217
1416,3.8851898734177217
2275,3.8851898734177217
5739,3.8851898734177217
6155,3.8851898734177217
6475,3.8851898734177217
742,3.8851898734177217
2362,3.8851898734177217
5758,3.8851898734177217
3794,3.8851898734177217
2602,3.8851898734177217
429,3.8851898734177217
5125,3.8851898734177217
2002,3.8851898734177217
385,3.8851898734177217
1945,3.8851898734177217
8707,3.8851898734177217
5138,3.8851898734177217
252,3.8851898734177217
5371,3.8851898734177217
473,3.8851898734177217
3063,3.8851898734177217
9032,3.8851898734177217
2498,3.8851898734177217
6465,3.8851898734177217
6386,3.8851898734177217
6815,3.8851898734177217
5747,3.8851898734177217
2303,3.8851898734177217
1055,3.8851898734177217
233,3.8851898734177217
9069,3.8851898734177217
3100,3.8851898734177217
6648,3.8851898734177217
6076,3.8851898734177217
5060,3.8851898734177217
